{"1": {"xmax": 0.00021576471254229545, "xmin": -0.0001882352982647717, "ymax": 0.00033694118389394147, "ymin": -0.0002279843295691534, "zmax": -0.000576470629312098, "zmin": -0.0009411764913238585}, "2": {"xmax": -0.0005960784619674087, "xmin": -0.00089019606821239, "ymax": 0.0002807843094924465, "ymin": -0.00024291766225360335, "zmax": 0.0001916549035813659, "zmin": -0.0002031372669152916}, "3": {"xmax": 0.00020701176510192447, "xmin": -0.0002406823538476602, "ymax": 0.00030529411556199184, "ymin": -0.0002537333386717365, "zmax": 0.0009607843239791691, "zmin": 0.0006196078611537814}, "4": {"xmax": 0.0008705882355570793, "xmin": 0.0006000000284984708, "ymax": 0.0003023058846592903, "ymin": -0.00026616470050066707, "zmax": 0.00023485490027815118, "zmin": -0.00019399215723387887}}