{"1": {"xmax": 0.0002053333376534283, "xmin": -0.00018359216488897801, "ymax": 0.00033553726307582123, "ymin": -0.00022400784143246702, "zmax": -0.000576470629312098, "zmin": -0.0009372549247927964}, "2": {"xmax": -0.00022253379758814266, "xmin": -0.0005958026107589273, "ymax": 0.00029903530096635233, "ymin": -0.00024432942457497115, "zmax": -0.00037395054250971733, "zmin": -0.0008124064304583392}, "3": {"xmax": -0.0004928637190268529, "xmin": -0.0007752678052301443, "ymax": 0.00027095686376560487, "ymin": -0.00021378824464045462, "zmax": -1.2736828418182937e-05, "zmin": -0.0003870405469821336}, "4": {"xmax": -0.0005560125862336776, "xmin": -0.0009291846574037297, "ymax": 0.000305411766283214, "ymin": -0.0002512705981498584, "zmax": 0.0004107371937020093, "zmin": 1.291312658976271e-05}, "5": {"xmax": -0.0002212832502452634, "xmin": -0.0006535083986548606, "ymax": 0.00029784314101561894, "ymin": -0.00023745099606458102, "zmax": 0.0007486321670156669, "zmin": 0.00044160331352817884}, "6": {"xmax": 0.0002057647069450467, "xmin": -0.0002381882375339047, "ymax": 0.00029986666748300185, "ymin": -0.0002495686342008413, "zmax": 0.0009333333582617342, "zmin": 0.0006196078611537814}, "7": {"xmax": 0.0005635873367707435, "xmin": 0.00024540310562044473, "ymax": 0.0002765490319579839, "ymin": -0.00022268235124647622, "zmax": 0.0007380611951946984, "zmin": 0.0003562445330760436}, "8": {"xmax": 0.0008363078616856372, "xmin": 0.0005784000154525009, "ymax": 0.0002957960814237594, "ymin": -0.00023717648070305589, "zmax": 0.00044203026184549266, "zmin": 1.98283598835395e-05}, "9": {"xmax": 0.0009464896095509246, "xmin": 0.0005771785443834088, "ymax": 0.0003092078417539597, "ymin": -0.0002738509941846132, "zmax": -2.2111273293619918e-05, "zmin": -0.00042653541310874927}, "10": {"xmax": 0.0006625975558963424, "xmin": 0.00022471774092096885, "ymax": 0.0003322666755411775, "ymin": -0.00024294903315603725, "zmax": -0.0004574165533323436, "zmin": -0.0007609517839606504}}