{"1": {"xmax": 0.00014720784418750555, "xmin": -0.0001886117805261165, "ymax": 0.0003252705903723837, "ymin": -0.00014720000047236675, "zmax": -0.00048235294525511563, "zmin": -0.0007529411814175546}, "2": {"xmax": -0.0004274509847164154, "xmin": -0.0008235294371843338, "ymax": 0.0003403921517310664, "ymin": -0.00014265882933977992, "zmax": 0.00015317647531628607, "zmin": -0.0001502117728814483}, "3": {"xmax": 0.00016461961693130426, "xmin": -0.00016213333513587718, "ymax": 0.00032767058501485726, "ymin": -0.00014597647462505852, "zmax": 0.0007764705806039274, "zmin": 0.000462745112599805}}