{"1": {"xmax": 0.00019590589008294045, "xmin": -0.0001931372535182163, "ymax": 0.00027781960438005637, "ymin": -0.00028164706309325983, "zmax": -0.0005960784619674087, "zmin": -0.000800000037997961}, "2": {"xmax": -0.0006549019599333405, "xmin": -0.0008745098020881414, "ymax": 0.00030035295290872457, "ymin": -0.00028310588421300053, "zmax": 0.00019520000647753474, "zmin": -0.00022070588916540149}, "3": {"xmax": 0.00019298039737623176, "xmin": -0.00020348235662095258, "ymax": 0.000288745094439946, "ymin": -0.0002698823594255374, "zmax": 0.0007960784714668989, "zmin": 0.0006784314173273742}, "4": {"xmax": 0.0008117647375911474, "xmin": 0.0005921568954363465, "ymax": 0.00031667452305555343, "ymin": -0.0002387294084765017, "zmax": 0.00017807060061022655, "zmin": -0.0001941333403810857}}