{"1": {"xmax": 0.00018556864629499614, "xmin": -0.00018472157698124647, "ymax": 0.000290682371123694, "ymin": -0.0002114980390761047, "zmax": -0.0004392156843096018, "zmin": -0.0006980392499826849}, "2": {"xmax": -0.00039607842336408794, "xmin": -0.0008117647375911474, "ymax": 0.00033244705467950554, "ymin": -0.00020784314954653383, "zmax": 0.0001745960771804675, "zmin": -0.0001650588205084205}, "3": {"xmax": 0.00017505883821286253, "xmin": -0.00018228236201684928, "ymax": 0.00034252549894154063, "ymin": -0.00020258824632037435, "zmax": 0.000831372570246458, "zmin": 0.0004392156843096018}, "4": {"xmax": 0.0008274510037153959, "xmin": 0.00040784315206110483, "ymax": 0.000317882354138419, "ymin": -0.0002108235389459878, "zmax": 0.00017239217436872437, "zmin": -0.00016348235541954628}}