{"1": {"xmax": 0.00028320001345127823, "xmin": -0.0002148235305212438, "ymax": 0.00024329411890357743, "ymin": -0.00011611765064299101, "zmax": -0.00033333332976326346, "zmin": -0.0008745098020881414}, "2": {"xmax": -0.0006000000284984708, "xmin": -0.0008196078706532717, "ymax": 0.00022785098804160953, "ymin": -0.00021352941286750137, "zmax": 0.00016289412067271766, "zmin": -0.00015513726568315185}, "3": {"xmax": 0.00031058823689818373, "xmin": -0.00020961569016799338, "ymax": 0.0002521882290020584, "ymin": -0.00011626666784286505, "zmax": 0.0009137254673987627, "zmin": 0.00036470589111559093}, "4": {"xmax": 0.000831372570246458, "xmin": 0.0005882353289052844, "ymax": 0.00023552941903471947, "ymin": -0.00020835294504649936, "zmax": 0.0001740862824954094, "zmin": -0.00016078431508503843}}